Genotype,Acc_Mean,Acc_Std
WT,0.8699999999999999,0.10770329614269006
5xFAD,0.96,0.07999999999999999
